{
	"label": "Gallery",
	"folderName": "owlCarousel",
	"id": "owlCarousel",
	"files": {
		"required": {
			"included" : [],
			"packaged": {
				"css": ["assets/owl.carousel.css", "assets/animate.css"],
				"js": ["owl.carousel.min.js"]
			}
		},
		"demo": []
	},
	"functions": {
		"owlCarousel": {
			"method": "owlCarousel",
			"label": "Carousel",
			"presets": {
				"basic": {
					"label": "Basic",
					"config": {"loop":true,"margin":10,"nav":true,"responsive":{"0":{"items":1},"600":{"items":2},"1000":{"items":4}}}
				},
				"centered": {
					"label": "Centered",
					"config": {"center":true,"items":2,"loop":true,"margin":10,"responsive":{"600":{"items":4},"410":{"items":2},"1000":{"items":8}}}
				},
				"animated": {
					"label": "Animated",
					"config": {"animateOut":"hinge","animateIn":"rotateInDownLeft","items":1,"margin":30,"stagePadding":30,"smartSpeed":450}
				}
			}
		}
	},
	"for": {
		"element": {
			"enabled": false,
			"types": []
		},
		"group":{
			"enabled": true
		},
		"page":{
			"enabled": false
		}
	}
}